scientific_name	colour	check	matched_on	was	what the flora says
Anemonastrum canadense	white	CHECK	common name	#f2f2ea	Flowers white,  25-30 mm across.
Anticlea occidentalis	purple	CHECK	common name	#ece6c8	Flowers greenish purple, drooping, 10-15 mm long, in a raceme on a  stem 30-50 cm high.
Cornus sericea	white	CHECK	common name	#f2f2ea	Small white flowers  borne in flat-topped clusters 2-5 cm across.
Dalea purpurea	red,purple	CHECK	common name	#8e6fc4	Flower spikes dense and cylindric, 1-5 cm long, with red or purple  flowers.
Doellingeria umbellata	white	CHECK	common name	#f2f2ea	Very numerous flower heads 12-20 mm across, with white ray florets in a  large flat-topped terminal cluster.
Dryas hookeriana	white	CHECK	common name	#f2f2ea	petals about 1 cm long, white;
Erythranthe guttata	yellow	CHECK	common name	#f2c11e	Conspicuous flowers 25-45 mm  long, bright yellow with an open mouth, somewhat hairy inside the lower lip;
Eurybia conspicua	purple,blue	CHECK	common name	#8e6fc4	Inflorescence a large corymb of violet to blue  flowers, each about 4 cm across;
Eurybia sibirica	purple,white	CHECK	common name	#8e6fc4	ligules 7—12 mm long, purple to violet or sometimes whitish;
Euthamia graminifolia	yellow	CHECK	common name	#f2c11e	Small yellow flowers, in very  short-stemmed terminal clusters, forming a somewhat flat-topped  inflorescence.
Eutrochium maculatum	pink,purple	CHECK	common name	#f2f2ea	Flower heads pinkish or purplish and consisting of pinkish lilac tubular  florets;
Gentianella amarella	purple,blue,yellow,white	CHECK	common name	#6f8fd6	Flowers  varying from purplish and blue to greenish yellow or white, 10-20 mm, borne  in clusters in upper leaf axils.
Heterotheca villosa	yellow	CHECK	common name	#f2c11e	Flower heads not numerous, radiate, with bright yellow  ray florets, 25 mm or more across.
Myriophyllum sibiricum	purple	CHECK	common name	#f2f2ea	Flowers purplish, small, with 4 petals and 8 stamens, borne in whorls on a spike 2-8 cm  long protruding above the water.
Osmorhiza longistylis	white,green	CHECK	common name	#f2f2ea	Flowers small,  white, in compound umbels, with green leaf-like bracts at base of each umbellet or terminal small umbel.
Primula pauciflora	pink,purple,yellow	CHECK	common name	#e58fb0	Flowers pink or lilac with a yellowish throat, often with a purple  wavy line, 1-12 in an umbel on a stem 10-30 cm high.
Rhodiola integrifolia	purple,yellow	CHECK	common name	#f2c11e	Flowers  6-10 mm across, dark purple to dull reddish yellow, borne in a terminal cyme.
Symphyotrichum ciliolatum	blue,purple	CHECK	common name	#8e6fc4	Flower heads usually few, blue to violet, 15-30 mm across.
Symphyotrichum falcatum	white	CHECK	common name	#f5f5f0	flowers white, 20-25 mm across.
Symphyotrichum laeve	blue	CHECK	common name	#8e6fc4	Numerous flower heads 2-3 cm across, with blue ray florets;
Symphyotrichum lanceolatum	white,purple,pink	CHECK	common name	#8e6fc4	Flower heads numerous, in a branching panicle, varying from white to violet  or pink.
Actaea rubra	white		name	#f2f2ea	Flowers small, white, in dense clusters at the ends of the stems, with the sepals falling off when the flower opens.
Agastache foeniculum	blue		name	#8e6fc4	Flowers blue, 6-12 mm long, in a dense spike,  sometimes interrupted, 2-10 cm long and 12-18 mm thick at ends of stems.
Agoseris glauca	yellow,pink	CHECK	name	#f2c11e	Flowers 2-5 cm across, light yellow when young but turning  pinkish at maturity, on a stem 15-45 cm high.
Agrimonia striata	yellow		name	#f2c11e	Small yellow  flowers borne in a spike-like raceme.
Allium schoenoprasum	pink		name	#e58fb0	flower stalks very short and flowers bright rose pink.
Allium textile	white,pink	CHECK	name	#e58fb0	From 8-25 cm high, with umbels of white or pale pink flowers,  which blossom early in season.
Amelanchier alnifolia	white		name	#f2f2ea	Flowers white, about 8-12 mm across, in racemes quite  early in the season.
Anaphalis margaritacea	white		name	#f2f2ea	each flower head discoid, 6-8 mm across, white, with pearly white  papery bracts.
Androsace chamaejasme	white,yellow	CHECK	name	#f2f2ea	Flowers 8-10 mm across, white with yellow center.
Anemone cylindrica	white	CHECK	name	#f2f2ea	Gray long-fruited anemone  Plants with a long slender stem 15-50 cm high, branching at the involucral leaves into 2-6 flowering stems, each bearing a 5-sepaled greenish white  flower almost 20 mm across.
Anemone multifida	purple,white,green	CHECK	name	#f2f2ea	Flowers varying from reddish purple  to white or yellowish green and the fruiting heads globular and very woolly.
Anemone virginiana	white	CHECK	name	#f2f2ea	Flowers greenish  white, with sepals about 10 mm long.
Apocynum androsaemifolium	pink		name	#e58fb0	Flowers in clusters at ends of branches and in axils of  leaves, pink, 6-8 mm long;
Arctostaphylos uva-ursi	white	CHECK	name	#e58fb0	Flowers pinkish white,  urn-shaped, about 5 mm long, in short few-flowered racemes.
Arnica chamissonis	yellow		name	#f2c11e	Flowers lemon yellow, 2-5 cm across, in cluster at the head of the stem.
Arnica cordifolia	yellow		name	#f2c11e	Flowers  lemon yellow, 3-7 cm across, on the top of the stem.
Artemisia cana	yellow		name	#f2f2ea	Yellow flowers  crowded into a leafy panicle.
Artemisia frigida	yellow		name	#f2f2ea	Numerous yellowish heads borne  in terminal somewhat leafy racemes.
Asclepias speciosa	purple	CHECK	name	#e58fb0	Flowers flesh-colored or pinkish purple,  8-12 mm across, in very dense almost globular umbels 5-7 cm in diam.
Aster alpinus	purple,white	CHECK	name	#8e6fc4	ligules violet to whitish;
Astragalus canadensis	white	CHECK	name	#8e6fc4	flowers greenish white to white, 1.0-1.5 cm long, ascending to  spreading;
Astragalus crassicarpus	white,purple,purple	CHECK	name	#8e6fc4	flowers 1.5-2.0 cm long, whitish with purplish tip or bluish  purple;
Astragalus drummondii	white		name	#8e6fc4	flowers 1.5-2.0 cm long, white, pendent;
Astragalus missouriensis	purple,purple	CHECK	name	#8e6fc4	flowers  15-20 mm long, deep reddish purple to bluish purple;
Balsamorhiza sagittata	yellow		name	#f2c11e	Flowers bright yellow, usually borne singly on  stems about 30 cm long arising from root crown.
Caltha natans	white,pink	CHECK	name	#f2c11e	Flowers 10-15 mm across, with white or pinkish  petal-like sepals;
Caltha palustris	yellow		name	#f2c11e	Flowers bright yellow,  20-30 mm across, with 5-9 sepals but no petals.
Castilleja miniata	green,red	CHECK	name	#d6453a	Flowers longer than bracts, green with red  margins, lip a little shorter than tube.
Cerastium arvense	white		name	#f2f2ea	white  flowers 15-20 mm across, blooming very early in the season.
Cinna latifolia	green,yellow	CHECK	name	#cbbd80	Panicle 15-30 cm long, greenish or yellowish, with  branches slender, spreading or drooping;
Cirsium flodmanii	purple	CHECK	name	#8e6fc4	Flower heads rose to rose purple, 3-4 cm across.
Clematis ligusticifolia	white		name	#b07fc0	Flowers  borne in clusters, each flower about 10-15 mm across with white sepals and no  petals.
Comandra umbellata	white,pink	CHECK	name	#f4f0e6	Flowers at the summit of stems, greenish white to pinkish, small, about 5 mm long.
Coreopsis tinctoria	brown,yellow	CHECK	name	#f2c11e	Numerous flower heads  on slender stalks, about 25 mm across, with brownish disk florets and 6-10  broad yellow ray florets having brownish bases.
Delphinium glaucum	blue		name	#6f8fd6	Dark blue flowers borne on very short stalks in a  long close spike-like raceme.
Dodecatheon pulchellum	pink,purple,yellow	CHECK	name	#d6457e	Flowers pink or lilac with a yellowish throat, often with a purple  wavy line, 1-12 in an umbel on a stem 10-30 cm high.
Draba aurea	yellow		name	#f2c11e	Flowers 8-12 mm across, yellow;
Eleocharis palustris	red		name	#cbbd80	78) creeping spike-rush  Plants with slender, long, creeping, reddish rhizomes;
Erigeron caespitosus	white		name	#c9b8e0	Flower heads borne singly or 3 or 4 to a stem, 2-3 cm across,  with many narrow white ray florets.
Erigeron philadelphicus	pink,white	CHECK	name	#b07fc0	Flower heads in a terminal corymb 12-25 mm  across, with many narrow pinkish or white ray florets.
Erigeron speciosus	blue,purple	CHECK	name	#b07fc0	Flower  heads large, 25-35 mm across, with numerous, narrow, blue or violet ray  florets.
Erythronium grandiflorum	yellow		name	#f2c11e	perianth segments 3-5 cm long, bright yellow, recurved;
Fragaria virginiana	white		name	#f2f2ea	Flowers white, 15-20 mm across, appearing fairly early in  the season.
Fritillaria pudica	yellow,orange	CHECK	name	#f0a818	Flower, nodding and single, bell-shaped, yellow or orange, on the summit of  the stem, about 15-20 mm high.
Galium boreale	white		name	#f2f2ea	flowers white, about 3 mm across, with 4 corolla lobes, and faintly  fragrant.
Galium triflorum	white	CHECK	name	#f2f2ea	Flowers longstalked, greenish white, in clusters of 3, with 4 corolla lobes.
Gentiana affinis	blue,purple	CHECK	name	#6f8fd6	Flowers dark blue or purple, 25-30 mm long, in raceme-like dense clusters on upper end of stems.
Gentiana calycosa	blue		name	#6f8fd6	Corolla blue, 25-35 mm long;
Geum triflorum	pink	CHECK	name	#e58fb0	sepals purplish pink;
Glycyrrhiza lepidota	white	CHECK	name	#ece6c8	Flowers yellowish white, 10-15 mm long, and borne in rather dense  racemes 2-6 cm long, arising from the axils of the leaves.
Hedysarum alpinum	pink,purple	CHECK	name	#d6457e	Flowers on a long raceme, pinkish or violet,  10-15 mm long, usually pointing downward.
Hedysarum sulphurescens	yellow		name	#d6457e	Flowers 12-15 mm long, sulfur yellow, in a long looselyflowered raceme.
Helenium autumnale	yellow		name	#f0a818	Numerous flower heads at ends of branches, 2-3 cm across,  with a high rounded yellow disk, and yellow ray florets up to 12 mm long.
Helianthus maximiliani	yellow		name	#f2c11e	Yellow-disked flower heads 5-8 cm broad,  on short stalks.
Helianthus nuttallii	yellow		name	#f2c11e	Flower heads on long  stalks, 35-65 mm across, with a yellowish disk.
Helianthus tuberosus	yellow		name	#f2c11e	Numerous heads 5-8 cm  across, with a yellow disk and 12-20 yellow ray florets.
Heuchera parvifolia	green		name	#ece6c8	flowers greenish.
Heuchera richardsonii	purple		name	#ece6c8	Petals purplish, a trifle longer than sepals.
Hieracium umbellatum	yellow		name	#f2c11e	Numerous yellow heads 20-25 mm across.
Iliamna rivularis	pink,purple,white	CHECK	name	#e58fb0	Flowers about 5 cm across, pink to purplish or sometimes  white;
Juncus balticus	brown	CHECK	name	#cbbd80	perianth 4-5 mm long, purplish  brown;
Juncus drummondii	brown		name	#cbbd80	perianth  segments 5-7 mm long, brown with a light midrib;
Juncus nodosus	brown	CHECK	name	#cbbd80	perianth segments 2.5-4 mm long, reddish brown;
Juncus vaseyi	brown		name	#cbbd80	perianth segments 3.5-4.5 mm long, brown;
Lathyrus venosus	purple		name	#8e6fc4	Flowers purple, 10-18 mm long, 15-20 in each raceme.
Liatris ligulistylis	purple	CHECK	name	#d6457e	Heads 2-3 cm across, reddish purple, on short stalks in a long raceme.
Liatris punctata	purple,white	CHECK	name	#d6457e	Heads  in a dense crowded spike, usually about 15 mm wide, with 4-6 pinkish purple  tubular florets, usually showing many white plumose pappus hairs.
Linnaea borealis	pink		name	#e58fb0	Flowers pink, fragrant, funnelform, about 1 cm long, with only 4  stamens, in pairs, pendent or hanging downward from the top of a stem 3-10  cm high.
Linum lewisii	blue		name	#6f8fd6	Flowers blue, 20-35 mm across;
Lithospermum ruderale	yellow	CHECK	name	#f0a818	Numerous dull greenish yellow flowers crowded at  top of stem in a leafy cluster.
Lonicera involucrata	yellow		name	#f0a818	Flowers in pairs, yellow, with large leaf-like bracts at bases.
Lupinus argenteus	purple,white	CHECK	name	#7e7fc4	Flowers varying from light violet or purplish to almost white, in long terminal racemes.
Lupinus sericeus	blue		name	#7e7fc4	Dark blue flowers in dense terminal spikes.
Lysimachia ciliata	yellow		name	#f2c11e	The flowers are yellow, therefore it appears to belong to the genus  Lysimachia, or loosestrife.
Menyanthes trifoliata	white,purple	CHECK	name	#f2f2ea	Flowers clustered in a raceme at the head of a separate stalk, whitish or  pinkish purple, 10-15 mm long.
Mertensia paniculata	blue	CHECK	name	#6f8fd6	Flowers in few-flowered clusters at ends of stems,  purplish blue, 10-15 mm long.
Mimulus ringens	blue,purple	CHECK	name	#f2c11e	Flowers blue or violet, 20-35  mm long, with a narrow throat.
Mitella nuda	white	CHECK	name	#ece6c8	Flowers borne in a raceme on a  stalk 5-20 cm high, 5-6 mm across, with 4 greenish sepals and 5 greenish white  petals, very finely divided and branched, pinnatifid.
Monarda fistulosa	pink,purple	CHECK	name	#b07fc0	Corollas hairy,  20-25 mm long, protruding far above calyxes, pink or lilac, very conspicuous.
Oenothera biennis	yellow		name	#f2c11e	Flowers yellow, 2-5 cm across, opening in evening, borne in a leafy terminal spike.
Opuntia fragilis	yellow		name	#f2c11e	Flowers pale yellow, about 5 cm across.
Opuntia polyacantha	yellow,orange	CHECK	name	#f2c11e	Flowers showy, yellow to pinkish orange, 5-8 cm across.
Orthocarpus luteus	yellow		name	#f2c11e	Yellow flowers 10-15 mm long, on very leafy narrow terminal  spikes, and followed by numerous many-seeded capsules.
Oxytropis sericea	yellow		name	#8e6fc4	flowers 18-20 mm long, yellowish;
Oxytropis splendens	blue		name	#8e6fc4	flowers 12-15 mm long, dark blue;
Pedicularis bracteosa	yellow		name	#e58fb0	Flowers pale yellow, about 2 cm long, in a dense terminal spike 10-30 cm  long.
Penstemon albertinus	blue,purple	CHECK	name	#8e6fc4	flowers deep blue to purplish,  15-20 mm long;
Penstemon ellipticus	purple		name	#8e6fc4	flowers 20-35 mm long, purple violet;
Penstemon eriantherus	red,purple	CHECK	name	#8e6fc4	Flowers red  or purple, 20-25 mm long, with sterile stamens densely hairy;
Penstemon gracilis	purple		name	#8e6fc4	flowers borne in clusters of 2 or 3 in the axils of upper leaves, forming an  open panicle, pale purple or lilac, 20-25 mm long.
Penstemon lyallii	blue,purple	CHECK	name	#8e6fc4	flowers 35^0 mm long,  deep blue to purple;
Phacelia sericea	purple,white	CHECK	name	#7e7fc4	corolla dark bluish purple, rarely white;
Polemonium pulcherrimum	blue		name	#6f8fd6	flowers blue, 10-15 mm  across;
Potentilla gracilis	yellow		name	#f2c11e	Flowers yellow, 15-20 mm  across.
Prunella vulgaris	purple		name	#8e6fc4	Flowers in  short dense terminal spikes, violet purple, 8-12 mm long.
Prunus pensylvanica	white		name	#f2f2ea	Flowers small, white, on long stalks in corymbose clusters 6-10 mm  across, opening about the same time as the leaves.
Prunus virginiana	white		name	#f2f2ea	Flowers white, about 12 mm across, in loose racemes.
Ranunculus rhomboideus	yellow		name	#f2c11e	Flowers yellow, 10-20 mm across;
Ratibida columnifera	purple		name	#f2c11e	Flower  heads borne at ends of long stalks, conspicuous by the cylindrical disk or  receptacle, gray to purple, about 6 mm wide, 10-35 mm high.
Ribes americanum	white	CHECK	name	#ece6c8	Flowers  greenish white, with a tubular calyx 3-5 mm long, and borne in drooping  racemes.
Ribes hudsonianum	white		name	#ece6c8	Flowers white, in racemes.
Ribes lacustre	green,purple	CHECK	name	#ece6c8	Flowers in racemes,  green or purplish.
Ribes oxyacanthoides	purple,white	CHECK	name	#ece6c8	123) northern gooseberry  A low, bristly shrub or bush to 1 m high, with lobed leaves 1-4 cm broad  and greenish purple or white sepals and petals;
Rubus idaeus	white		name	#f2f2ea	Flowers white, 8-12 mm across;
Rubus parviflorus	white		name	#f2f2ea	Flowers 2-4 cm across, white;
Rubus pedatus	green		name	#f2f2ea	sepals green, 8-10 mm long;
Rubus pubescens	white,pink	CHECK	name	#f2f2ea	Flowers borne in groups of 2 or 3 with white or pink petals, 8-12  mm across, with reflexed sepals.
Scutellaria galericulata	blue		name	#8e6fc4	Flowers borne either singly or in pairs at axils of  leaves, blue, 15-25 mm long.
Sedum lanceolatum	yellow		name	#f2c11e	Flowers  about 1 cm across, yellow, borne in a terminal cyme.
Sisyrinchium montanum	blue		name	#6f8fd6	Flowers bright blue,  with petals 3 mm long.
Spiraea alba	white		name	#f2f2ea	flowers small and white.
Spiraea alba var. latifolia	white		name	#f2f2ea	flowers small and white.
Symphoricarpos occidentalis	pink,white	CHECK	name	#e58fb0	Flowers pink  and white, with styles and stamens conspicuously projecting from corolla, in  rather dense terminal and axillary spikes.
Thermopsis rhombifolia	yellow		name	#f2c11e	Very bright golden yellow flowers, 1-2 cm long, in rather dense racemes;
Townsendia exscapa	blue,white	CHECK	name	#b07fc0	Flower heads stalkless, borne amongst  rosettes of leaves, 20-35 mm across, and with bluish or white ray florets.
Townsendia parryi	white		name	#b07fc0	bloom A whitish, powdery covering.
Utricularia vulgaris	yellow		name	#f2f2ea	Flowers yellow, 15-25 mm  long, in a raceme of 6-15 flowers on a long, flowering stem 10-30 cm high.
Vaccinium myrtillus	white	CHECK	name	#e58fb0	Flowers greenish white, 3-6 mm long, almost globular;
Vaccinium uliginosum	pink		name	#e58fb0	Flowers mostly in clusters of 2-4, pink,  5-7 mm long;
Valeriana sitchensis	white,pink	CHECK	name	#f2f2ea	corolla 6-8 mm long, white or pinkish.
Viburnum opulus	white	CHECK	name	#f2f2ea	inner  flowers smaller, creamy white, and perfect.
Vicia americana	purple	CHECK	name	#8e6fc4	Flowers 15-20 mm  long, bluish purple, in loose 3- to 9-flowered racemes.
Viola palustris	purple,white	CHECK	name	#8e6fc4	Flowers pale lilac, occasionally nearly white, with darker veins;
Viola pedatifida	purple		name	#8e6fc4	Flowers violet, very showy.
Zizia aptera	yellow		name	#f2c11e	Flowers bright yellow, in compound umbels, early flowering.
